{"obj":[],"objP":[],"objM":["O:13:\"Main\\Moliugas\":6:{s:2:\"id\";i:159;s:5:\"count\";i:0;s:5:\"photo\";s:20:\".\/photo\/moliugas.jpg\";s:6:\"priceE\";d:1.8000000000000000444089209850062616169452667236328125;s:7:\"dKursas\";N;s:6:\"priceD\";d:1.20999999999999996447286321199499070644378662109375;}"],"ID":163,"photo":""}