{"obj":["O:12:\"Main\\Agurkas\":8:{s:2:\"id\";i:319;s:5:\"count\";i:0;s:5:\"photo\";s:20:\".\/photo\/agurkas1.jpg\";s:6:\"priceE\";d:1.1999999999999999555910790149937383830547332763671875;s:7:\"dKursas\";N;s:4:\"type\";s:7:\"agurkas\";s:9:\"kiekAugti\";i:6;s:6:\"priceD\";d:1.20999999999999996447286321199499070644378662109375;}","O:12:\"Main\\Agurkas\":7:{s:2:\"id\";i:323;s:5:\"count\";i:34;s:5:\"photo\";s:20:\".\/photo\/agurkas2.jpg\";s:6:\"priceE\";d:1.6999999999999999555910790149937383830547332763671875;s:7:\"dKursas\";N;s:4:\"type\";s:7:\"agurkas\";s:9:\"kiekAugti\";i:3;}"],"objP":["O:14:\"Main\\Pomidoras\":8:{s:2:\"id\";i:320;s:5:\"count\";i:29;s:5:\"photo\";s:22:\".\/photo\/pomidoras3.jpg\";s:6:\"priceE\";d:2.5;s:7:\"dKursas\";N;s:4:\"type\";s:9:\"pomidoras\";s:9:\"kiekAugti\";i:3;s:6:\"priceD\";d:1.20999999999999996447286321199499070644378662109375;}","O:14:\"Main\\Pomidoras\":7:{s:2:\"id\";i:322;s:5:\"count\";i:20;s:5:\"photo\";s:22:\".\/photo\/pomidoras2.jpg\";s:6:\"priceE\";d:2.5;s:7:\"dKursas\";N;s:4:\"type\";s:9:\"pomidoras\";s:9:\"kiekAugti\";i:6;}"],"objM":["O:13:\"Main\\Moliugas\":8:{s:2:\"id\";i:321;s:5:\"count\";i:17;s:5:\"photo\";s:21:\".\/photo\/moliugas2.jpg\";s:6:\"priceE\";d:1.8000000000000000444089209850062616169452667236328125;s:7:\"dKursas\";N;s:4:\"type\";s:8:\"moliugas\";s:9:\"kiekAugti\";i:3;s:6:\"priceD\";d:1.20999999999999996447286321199499070644378662109375;}","O:13:\"Main\\Moliugas\":7:{s:2:\"id\";i:324;s:5:\"count\";i:20;s:5:\"photo\";s:20:\".\/photo\/moliugas.jpg\";s:6:\"priceE\";d:2.5;s:7:\"dKursas\";N;s:4:\"type\";s:8:\"moliugas\";s:9:\"kiekAugti\";i:2;}"],"ID":324,"photo":""}