{"obj":["O:12:\"Main\\Agurkas\":8:{s:2:\"id\";i:267;s:5:\"count\";i:77;s:5:\"photo\";s:20:\".\/photo\/agurkas3.jpg\";s:6:\"priceE\";d:1.1999999999999999555910790149937383830547332763671875;s:7:\"dKursas\";N;s:4:\"type\";s:7:\"agurkas\";s:9:\"kiekAugti\";i:7;s:6:\"priceD\";d:1.20999999999999996447286321199499070644378662109375;}","O:12:\"Main\\Agurkas\":8:{s:2:\"id\";i:268;s:5:\"count\";i:87;s:5:\"photo\";s:20:\".\/photo\/agurkas1.jpg\";s:6:\"priceE\";d:1.1999999999999999555910790149937383830547332763671875;s:7:\"dKursas\";N;s:4:\"type\";s:7:\"agurkas\";s:9:\"kiekAugti\";i:9;s:6:\"priceD\";d:1.20999999999999996447286321199499070644378662109375;}"],"objP":["O:14:\"Main\\Pomidoras\":8:{s:2:\"id\";i:265;s:5:\"count\";i:39;s:5:\"photo\";s:22:\".\/photo\/pomidoras2.jpg\";s:6:\"priceE\";d:2.5;s:7:\"dKursas\";N;s:4:\"type\";s:9:\"pomidoras\";s:9:\"kiekAugti\";i:3;s:6:\"priceD\";d:1.20999999999999996447286321199499070644378662109375;}","O:14:\"Main\\Pomidoras\":8:{s:2:\"id\";i:269;s:5:\"count\";i:34;s:5:\"photo\";s:22:\".\/photo\/pomidoras1.jpg\";s:6:\"priceE\";d:2.5;s:7:\"dKursas\";N;s:4:\"type\";s:9:\"pomidoras\";s:9:\"kiekAugti\";i:6;s:6:\"priceD\";d:1.20999999999999996447286321199499070644378662109375;}"],"objM":["O:13:\"Main\\Moliugas\":8:{s:2:\"id\";i:266;s:5:\"count\";i:28;s:5:\"photo\";s:20:\".\/photo\/moliugas.jpg\";s:6:\"priceE\";d:1.8000000000000000444089209850062616169452667236328125;s:7:\"dKursas\";N;s:4:\"type\";s:8:\"moliugas\";s:9:\"kiekAugti\";i:3;s:6:\"priceD\";d:1.20999999999999996447286321199499070644378662109375;}","O:13:\"Main\\Moliugas\":8:{s:2:\"id\";i:270;s:5:\"count\";i:31;s:5:\"photo\";s:20:\".\/photo\/moliugas.jpg\";s:6:\"priceE\";d:1.8000000000000000444089209850062616169452667236328125;s:7:\"dKursas\";N;s:4:\"type\";s:8:\"moliugas\";s:9:\"kiekAugti\";i:3;s:6:\"priceD\";d:1.20999999999999996447286321199499070644378662109375;}"],"ID":270,"photo":""}