{"obj":["O:12:\"Main\\Agurkas\":5:{s:2:\"id\";i:82;s:5:\"count\";i:0;s:5:\"photo\";s:20:\".\/photo\/agurkas1.jpg\";s:6:\"priceE\";d:1.1999999999999999555910790149937383830547332763671875;s:7:\"dKursas\";d:1.20999999999999996447286321199499070644378662109375;}"],"objP":["O:14:\"Main\\Pomidoras\":5:{s:2:\"id\";i:83;s:5:\"count\";i:0;s:5:\"photo\";s:22:\".\/photo\/pomidoras2.jpg\";s:6:\"priceE\";d:1.5;s:7:\"dKursas\";d:1.20999999999999996447286321199499070644378662109375;}"],"objM":["O:13:\"Main\\Moliugas\":5:{s:2:\"id\";i:84;s:5:\"count\";i:0;s:5:\"photo\";s:21:\".\/photo\/moliugas2.jpg\";s:6:\"priceE\";d:1.8000000000000000444089209850062616169452667236328125;s:7:\"dKursas\";d:1.20999999999999996447286321199499070644378662109375;}"],"ID":84,"photo":""}