{"obj":["O:12:\"Main\\Agurkas\":5:{s:2:\"id\";i:61;s:5:\"count\";i:0;s:5:\"photo\";s:20:\".\/photo\/agurkas3.jpg\";s:6:\"priceE\";d:1.1999999999999999555910790149937383830547332763671875;s:7:\"dKursas\";d:1.20999999999999996447286321199499070644378662109375;}","O:12:\"Main\\Agurkas\":5:{s:2:\"id\";i:62;s:5:\"count\";i:0;s:5:\"photo\";s:20:\".\/photo\/agurkas2.jpg\";s:6:\"priceE\";d:1.1999999999999999555910790149937383830547332763671875;s:7:\"dKursas\";d:1.20999999999999996447286321199499070644378662109375;}"],"objP":[],"objM":[],"ID":62,"photo":""}