{"obj":["O:12:\"Main\\Agurkas\":6:{s:2:\"id\";i:164;s:5:\"count\";i:4;s:5:\"photo\";s:20:\".\/photo\/agurkas2.jpg\";s:6:\"priceE\";d:1.1999999999999999555910790149937383830547332763671875;s:7:\"dKursas\";N;s:6:\"priceD\";d:1.20999999999999996447286321199499070644378662109375;}"],"objP":["O:14:\"Main\\Pomidoras\":6:{s:2:\"id\";i:165;s:5:\"count\";i:4;s:5:\"photo\";s:22:\".\/photo\/pomidoras1.jpg\";s:6:\"priceE\";d:1.5;s:7:\"dKursas\";N;s:6:\"priceD\";d:1.20999999999999996447286321199499070644378662109375;}"],"objM":["O:13:\"Main\\Moliugas\":6:{s:2:\"id\";i:159;s:5:\"count\";i:3;s:5:\"photo\";s:20:\".\/photo\/moliugas.jpg\";s:6:\"priceE\";d:1.8000000000000000444089209850062616169452667236328125;s:7:\"dKursas\";N;s:6:\"priceD\";d:1.20999999999999996447286321199499070644378662109375;}"],"ID":165,"photo":""}